Timestamp,Process,Machine,kW,kWh,Production Units,Operating State
01-Oct 09:00,Pressing,Hydraulic Press 01,31.2,7.8,42,Running
01-Oct 09:15,Pressing,Hydraulic Press 01,30.1,7.5,40,Running
01-Oct 09:30,Pressing,Hydraulic Press 01,28.7,7.2,0,Idle
01-Oct 09:45,Pressing,Hydraulic Press 01,27.9,7.0,0,Idle
01-Oct 10:00,Pressing,Hydraulic Press 01,32.0,8.0,44,Running
01-Oct 10:15,Pressing,Hydraulic Press 01,33.1,8.3,46,Running
01-Oct 10:30,Pressing,Hydraulic Press 01,34.2,8.6,48,Running
01-Oct 10:45,Pressing,Hydraulic Press 01,35.0,8.8,49,Running
01-Oct 11:00,Pressing,Hydraulic Press 01,29.4,7.4,0,Downtime
01-Oct 11:15,Pressing,Hydraulic Press 01,28.8,7.2,0,Downtime
01-Oct 11:30,Pressing,Hydraulic Press 01,31.5,7.9,43,Running
01-Oct 11:45,Pressing,Hydraulic Press 01,32.4,8.1,45,Running
01-Oct 12:00,Welding,Welding Station 02,22.5,5.6,28,Running
01-Oct 12:15,Welding,Welding Station 02,23.1,5.8,30,Running
01-Oct 12:30,Welding,Welding Station 02,24.0,6.0,31,Running
01-Oct 12:45,Welding,Welding Station 02,18.2,4.6,0,Idle
01-Oct 13:00,Welding,Welding Station 02,17.8,4.5,0,Idle
01-Oct 13:15,Welding,Welding Station 02,23.8,6.0,30,Running
01-Oct 13:30,Welding,Welding Station 02,25.2,6.3,33,Running
01-Oct 13:45,Welding,Welding Station 02,26.0,6.5,34,Running
01-Oct 14:00,Welding,Welding Station 02,27.1,6.8,35,Running
01-Oct 14:15,Cutting,CNC Cutter 01,41.2,10.3,55,Running
01-Oct 14:30,Cutting,CNC Cutter 01,42.5,10.6,57,Running
01-Oct 14:45,Cutting,CNC Cutter 01,43.1,10.8,58,Running
01-Oct 15:00,Cutting,CNC Cutter 01,40.5,10.1,54,Running
01-Oct 15:15,Cutting,CNC Cutter 01,21.3,5.3,0,Fault
01-Oct 15:30,Cutting,CNC Cutter 01,20.7,5.2,0,Fault
01-Oct 15:45,Cutting,CNC Cutter 01,39.8,10.0,52,Running
01-Oct 16:00,Cutting,CNC Cutter 01,41.0,10.3,55,Running
01-Oct 16:15,Assembly,Assembly Line 01,18.5,4.6,36,Running
01-Oct 16:30,Assembly,Assembly Line 01,19.2,4.8,38,Running
01-Oct 16:45,Assembly,Assembly Line 01,19.8,5.0,39,Running
01-Oct 17:00,Assembly,Assembly Line 01,20.1,5.0,40,Running
01-Oct 17:15,Assembly,Assembly Line 01,15.2,3.8,0,Idle
01-Oct 17:30,Assembly,Assembly Line 01,14.7,3.7,0,Idle
