Timestamp,Process,Machine,kW,kWh,Production Units,Operating State,Data Status
02-Oct 09:00,Pressing,Hydraulic Press 01,30.5,7.6,42,Running,POST-ACTION DEMO
02-Oct 09:15,Pressing,Hydraulic Press 01,29.8,7.3,40,Running,POST-ACTION DEMO
02-Oct 09:30,Pressing,Hydraulic Press 01,6.0,1.5,0,Idle,POST-ACTION DEMO
02-Oct 09:45,Pressing,Hydraulic Press 01,5.6,1.4,0,Idle,POST-ACTION DEMO
02-Oct 10:00,Pressing,Hydraulic Press 01,31.2,7.8,44,Running,POST-ACTION DEMO
02-Oct 10:15,Pressing,Hydraulic Press 01,32.0,8.0,46,Running,POST-ACTION DEMO
02-Oct 11:00,Pressing,Hydraulic Press 01,5.2,1.3,0,Downtime,POST-ACTION DEMO
02-Oct 11:15,Pressing,Hydraulic Press 01,4.8,1.2,0,Downtime,POST-ACTION DEMO
02-Oct 11:30,Pressing,Hydraulic Press 01,30.9,7.7,43,Running,POST-ACTION DEMO
02-Oct 11:45,Pressing,Hydraulic Press 01,31.7,7.9,45,Running,POST-ACTION DEMO